{
  "accuracy": 0.9170414792603698,
  "precision_macro": 0.9006189948263118,
  "precision_weighted": 0.917355898784849,
  "recall_macro": 0.8518208451105574,
  "recall_weighted": 0.9170414792603698,
  "f1_macro": 0.8720477721928637,
  "f1_weighted": 0.915864016723365,
  "cohen_kappa": 0.8429139466212164,
  "matthews_corr": 0.8435541078792548,
  "roc_auc": 0.9780241661720259,
  "confusion_matrix": [
    [
      139,
      0,
      58
    ],
    [
      0,
      1177,
      38
    ],
    [
      15,
      55,
      519
    ]
  ],
  "classification_report": {
    "0": {
      "precision": 0.9025974025974026,
      "recall": 0.7055837563451777,
      "f1-score": 0.792022792022792,
      "support": 197.0
    },
    "1": {
      "precision": 0.9553571428571429,
      "recall": 0.968724279835391,
      "f1-score": 0.9619942787086228,
      "support": 1215.0
    },
    "2": {
      "precision": 0.8439024390243902,
      "recall": 0.8811544991511036,
      "f1-score": 0.8621262458471761,
      "support": 589.0
    },
    "accuracy": 0.9170414792603698,
    "macro avg": {
      "precision": 0.9006189948263118,
      "recall": 0.8518208451105574,
      "f1-score": 0.8720477721928637,
      "support": 2001.0
    },
    "weighted avg": {
      "precision": 0.917355898784849,
      "recall": 0.9170414792603698,
      "f1-score": 0.915864016723365,
      "support": 2001.0
    }
  }
}