{
  "accuracy": 0.9380309845077461,
  "precision_macro": 0.9247415968503957,
  "precision_weighted": 0.9383482424795389,
  "recall_macro": 0.8969459435626946,
  "recall_weighted": 0.9380309845077461,
  "f1_macro": 0.9094344362317653,
  "f1_weighted": 0.9377223212491719,
  "cohen_kappa": 0.8834614929388535,
  "matthews_corr": 0.8836970463875432,
  "roc_auc": 0.9917837993748013,
  "confusion_matrix": [
    [
      159,
      0,
      38
    ],
    [
      0,
      1181,
      34
    ],
    [
      13,
      39,
      537
    ]
  ],
  "classification_report": {
    "0": {
      "precision": 0.9244186046511628,
      "recall": 0.8071065989847716,
      "f1-score": 0.8617886178861789,
      "support": 197.0
    },
    "1": {
      "precision": 0.9680327868852459,
      "recall": 0.9720164609053498,
      "f1-score": 0.9700205338809035,
      "support": 1215.0
    },
    "2": {
      "precision": 0.8817733990147784,
      "recall": 0.9117147707979627,
      "f1-score": 0.8964941569282137,
      "support": 589.0
    },
    "accuracy": 0.9380309845077461,
    "macro avg": {
      "precision": 0.9247415968503957,
      "recall": 0.8969459435626946,
      "f1-score": 0.9094344362317653,
      "support": 2001.0
    },
    "weighted avg": {
      "precision": 0.9383482424795389,
      "recall": 0.9380309845077461,
      "f1-score": 0.9377223212491719,
      "support": 2001.0
    }
  }
}