{
  "accuracy": 0.9620189905047476,
  "precision_macro": 0.9532964127662232,
  "precision_weighted": 0.9625001727442205,
  "recall_macro": 0.9372520165583186,
  "recall_weighted": 0.9620189905047476,
  "f1_macro": 0.9446195889430212,
  "f1_weighted": 0.9620014805316708,
  "cohen_kappa": 0.9289208377540862,
  "matthews_corr": 0.9290901826029169,
  "roc_auc": 0.9971588669471961,
  "confusion_matrix": [
    [
      173,
      0,
      24
    ],
    [
      0,
      1190,
      25
    ],
    [
      8,
      19,
      562
    ]
  ],
  "classification_report": {
    "0": {
      "precision": 0.9558011049723757,
      "recall": 0.8781725888324873,
      "f1-score": 0.9153439153439153,
      "support": 197.0
    },
    "1": {
      "precision": 0.9842845326716294,
      "recall": 0.9794238683127572,
      "f1-score": 0.9818481848184818,
      "support": 1215.0
    },
    "2": {
      "precision": 0.9198036006546645,
      "recall": 0.9541595925297114,
      "f1-score": 0.9366666666666666,
      "support": 589.0
    },
    "accuracy": 0.9620189905047476,
    "macro avg": {
      "precision": 0.9532964127662232,
      "recall": 0.9372520165583186,
      "f1-score": 0.9446195889430212,
      "support": 2001.0
    },
    "weighted avg": {
      "precision": 0.9625001727442205,
      "recall": 0.9620189905047476,
      "f1-score": 0.9620014805316708,
      "support": 2001.0
    }
  }
}